ID,Unnamed: 0,Name S,Gender,Age,Height,Weight,Season,Country,Sport,Event,Medal
62,158,Giovanni Abagnale,male,21Year,198,90,Summer,Peru,Rowing,Rowing Men's Coxless Pairs,Bronze
65,161,Patimat Abakarova,female,21Year,165,49,Summer,Peru,Taekwondo,Taekwondo Women's Flyweight,Bronze
73,175,Luc Abalo,Male,31Year,182,86,Summer,USA,Handball,Handball Men's Handball,Silver
250,450,Saeid Morad Abdevali,Male,26Year,170,80,Summer,USA,Wrestling,"Wrestling Men's Middleweight, Greco-Roman",Bronze
455,794,Denis Mikhaylovich Ablyazin,Male,24Year,161,62,Summer,USA,Gymnastics,Gymnastics Men's Team All-Around,Silver
455,796,Denis Mikhaylovich Ablyazin,Male,24Year,161,62,Summer,USA,Gymnastics,Gymnastics Men's Horse Vault,Silver
455,797,Denis Mikhaylovich Ablyazin,male,24Year,161,62,Summer,USA,Gymnastics,Gymnastics Men's Rings,Bronze
465,814,"Matthew ""Matt"" Abood",male,30Year,197,92,Summer,USA,Swimming,Swimming Men's 4 x 100 metres Freestyle Relay,Bronze
576,1029,"Alejandro ""lex"" Abrines Redondo",male,23Year,198,93,Summer,Iran,Basketball,Basketball Men's Basketball,Bronze
608,1080,Ahmad Abughaush,male,20Year,178,68,Summer,Iran,Taekwondo,Taekwondo Men's Featherweight,Gold
690,1228,Chantal Achterberg,Female,31Year,172,72,Summer,Iran,Rowing,Rowing Women's Quadruple Sculls,Silver
832,1495,Nicola Virginia Adams,Female,33Year,164,51,Summer,Iran,Boxing,Boxing Women's Flyweight,Gold
837,1514,Rachael Alexis Adams,female,26Year,188,81,Summer,Iran,Volleyball,Volleyball Women's Volleyball,Bronze
846,1529,Valerie Kasanita Adams-Vili (-Price),female,31Year,193,120,Summer,Iran,Athletics,Athletics Women's Shot Put,Silver
1017,1847,Nathan Ghar-Jun Adrian,male,27Year,198,100,Summer,Brazil,Swimming,Swimming Men's 50 metres Freestyle,Bronze
1017,1848,Nathan Ghar-Jun Adrian,male,27Year,198,100,Summer,Brazil,Swimming,Swimming Men's 100 metres Freestyle,Bronze
1017,1849,Nathan Ghar-Jun Adrian,male,27Year,198,100,Summer,Brazil,Swimming,Swimming Men's 4 x 100 metres Freestyle Relay,Gold
1017,1850,Nathan Ghar-Jun Adrian,male,27Year,198,100,Summer,Brazil,Swimming,Swimming Men's 4 x 100 metres Medley Relay,Gold
1561,2810,Mobolade Abimbola Ajomale,male,20Year,180,62,Summer,Brazil,Athletics,Athletics Men's 4 x 100 metres Relay,Bronze
1634,2926,Taha Akgl,male,25Year,192,125,Summer,Brazil,Wrestling,"Wrestling Men's Super-Heavyweight, Freestyle",Gold
1647,2955,Murodzhon Kakharovich Akhmadaliyev,male,21Year,165,56,Summer,Brazil,Boxing,Boxing Men's Bantamweight,Bronze
1682,3020,Morolake Akinosun,Female,22Year,163,61,Summer,Brazil,Athletics,Athletics Women's 4 x 100 metres Relay,Gold
1683,3022,Foluke Antinuke Akinradewo,female,28Year,191,79,Summer,Brazil,Volleyball,Volleyball Women's Volleyball,Bronze
2497,4383,Artur Aleksanyan,male,24Year,190,98,Summer,China,Wrestling,"Wrestling Men's Heavyweight, Greco-Roman",Gold
2610,4589,Abdoul Razak Issoufou Alfaga,male,21Year,207,90,Summer,China,Taekwondo,Taekwondo Men's Heavyweight,Silver
2695,4727,Nia Sifaatihii Ali,female,27Year,170,65,Summer,China,Athletics,Athletics Women's 100 metres Hurdles,Silver
2769,4847,Kimia Alizadeh Zenoorin,female,18Year,185,57,Summer,China,Taekwondo,Taekwondo Women's Featherweight,Bronze
3077,5458,Ida Alstad,female,31Year,172,60,Summer,Chile,Handball,Handball Women's Handball,Bronze
3174,5612,Lzaro Jorge lvarez Estrada,male,25Year,173,60,Summer,Chile,Boxing,Boxing Men's Lightweight,Bronze
3537,6304,Marwa Al-Amri,female,27Year,160,58,Summer,Germany,Wrestling,"Wrestling Women's Lightweight, Freestyle",Bronze
132340,264454,Koji Yamamuro,male,27Year,159,58,Summer,Germany,Gymnastics,Gymnastics Men's Team All-Around,Gold
132415,264612,Yan Ni,female,29Year,192,74,Summer,Germany,Volleyball,Volleyball Women's Volleyball,Gold
132485,264749,Yang Fangxu,female,21Year,190,71,Summer,Germany,Volleyball,Volleyball Women's Volleyball,Gold
132603,265003,Elitsa Atanasova Yankova,female,21Year,151,48,Summer,Germany,Wrestling,"Wrestling Women's Flyweight, Freestyle",Bronze
132665,265108,Selim Yaar,male,26Year,179,86,Summer,France,Wrestling,"Wrestling Men's Light-Heavyweight, Freestyle",Silver
132729,265216,Hassan Aliazam Yazdanicharati,male,21Year,181,74,Summer,France,Wrestling,"Wrestling Men's Middleweight, Freestyle",Gold
132765,265290,Yuliya Andreyevna Yefimova,female,24Year,178,64,Summer,France,Swimming,Swimming Women's 100 metres Breaststroke,Silver
132765,265291,Yuliya Andreyevna Yefimova,female,24Year,178,64,Summer,France,Swimming,Swimming Women's 200 metres Breaststroke,Silver
132776,265312,Julius Kiplagat Yego,male,27Year,175,94,Summer,France,Athletics,Athletics Men's Javelin Throw,Silver
132813,265406,Daniyar Maratovich Yeleusinov,male,25Year,178,64,Summer,France,Boxing,Boxing Men's Welterweight,Gold
132899,265601,Tatyana Vladimirova Yerokhina,female,31Year,185,73,Summer,France,Handball,Handball Women's Handball,Gold
132989,265783,Yin Junhua,female,25Year,167,60,Summer,Egypt,Boxing,Boxing Women's Lightweight,Silver
133031,265879,Tony Victor James Yoka,male,24Year,200,105,Summer,Egypt,Boxing,Boxing Men's Super-Heavyweight,Gold
133130,266103,Saori Yoshida,female,33Year,157,55,Summer,Egypt,Wrestling,"Wrestling Women's Featherweight, Freestyle",Silver
133174,266171,You Hao,male,24Year,162,60,Summer,Egypt,Gymnastics,Gymnastics Men's Team All-Around,Bronze
133402,266669,Yuan Xinyue,female,19Year,201,78,Summer,Egypt,Volleyball,Volleyball Women's Volleyball,Gold
133577,266984,Grce Zaadi Deuna,female,23Year,171,66,Summer,England,Handball,Handball Women's Handball,Silver
133931,267709,Arthur Nabarrete Zanetti,male,26Year,156,61,Summer,England,Gymnastics,Gymnastics Men's Rings,Silver
134145,268133,Ivan Zaytsev,male,27Year,204,100,Summer,England,Volleyball,Volleyball Men's Volleyball,Silver
134431,268706,Zhang Changning,female,20Year,193,79,Summer,England,Volleyball,Volleyball Women's Volleyball,Gold
134433,268713,Zhang Chenglong,male,27Year,173,65,Summer,England,Gymnastics,Gymnastics Men's Team All-Around,Bronze
134448,268744,Zhang Fengliu,female,26Year,172,77,Summer,England,Wrestling,"Wrestling Women's Heavyweight, Freestyle",Bronze
134559,268944,Zhang Wenxiu,female,30Year,183,105,Summer,Colombia,Athletics,Athletics Women's Hammer Throw,Silver
134663,269117,Zhao Shuai,male,20Year,188,63,Summer,Colombia,Taekwondo,Taekwondo Men's Flyweight,Gold
134740,269277,Zheng Shuyin,female,22Year,188,75,Summer,Colombia,Taekwondo,Taekwondo Women's Heavyweight,Gold
134759,269312,Viktoriya Yuryevna Zhilinskayte,female,27Year,188,80,Summer,Colombia,Handball,Handball Women's Handball,Gold
134776,269352,Valeriya Sergeyevna Zholobova-Koblova,Female,23Year,164,58,Summer,Bolivia,Wrestling,"Wrestling Women's Lightweight, Freestyle",Silver
134857,269511,Zhu Ting,Female,21Year,198,78,Summer,Bolivia,Volleyball,Volleyball Women's Volleyball,Gold
135132,270111,Bojana ivkovi,Female,28Year,186,72,Summer,Bolivia,Volleyball,Volleyball Women's Volleyball,Silver
135205,270281,Shakhobiddin Shokirovich Zoirov,male,23Year,169,52,Summer,Bolivia,Boxing,Boxing Men's Flyweight,Gold
837,1514,Rachael Alexis Adams,female,26Year,188,81,Summer,Iran,Volleyball,Volleyball Women's Volleyball,Bronze
846,1529,Valerie Kasanita Adams-Vili (-Price),female,31Year,193,120,Summer,Iran,Athletics,Athletics Women's Shot Put,Silver
1017,1847,Nathan Ghar-Jun Adrian,male,27Year,198,100,Summer,Brazil,Swimming,Swimming Men's 50 metres Freestyle,Bronze
1017,1848,Nathan Ghar-Jun Adrian,male,27Year,198,100,Summer,Brazil,Swimming,Swimming Men's 100 metres Freestyle,Bronze
133174,266171,You Hao,male,24Year,162,60,Summer,Egypt,Gymnastics,Gymnastics Men's Team All-Around,Bronze
133402,266669,Yuan Xinyue,female,19Year,201,78,Summer,Egypt,Volleyball,Volleyball Women's Volleyball,Gold
133577,266984,Grce Zaadi Deuna,female,23Year,171,66,Summer,England,Handball,Handball Women's Handball,Silver
133931,267709,Arthur Nabarrete Zanetti,male,26Year,156,61,Summer,England,Gymnastics,Gymnastics Men's Rings,Silver
